first_name	last_name	mail-id
Marysa	Arnull	marnull0@t.co
Alys	Mapledoram	amapledoram1@amazon.co.jp
Pepi	Kilbourne	""
Irita	Coltan	icoltan3@reddit.com
Wilburt	Sheals	wsheals4@ebay.com
Viviene	Ewestace	vewestace5@cnbc.com
Grange	Bernhardt	gbernhardt6@nationalgeographic.com
Boris	Gladdish	bgladdish7@rakuten.co.jp
Eldon	Hamstead	ehamstead8@issuu.com
Patrice	Buske	pbuske9@shop-pro.jp
Fallon	Saint	fsainta@youtu.be
Falkner	Merrgan	fmerrganb@mac.com
Shanta	Tumber	""
Daloris	Howood	dhowoodd@jiathis.com
Augustus	Lockney	alockneye@ehow.com
Cissy	Fetherby	cfetherbyf@ovh.net
Evered	Demsey	edemseyg@cloudflare.com
Rube	Astill	rastillh@timesonline.co.uk
Saunderson	Di Ruggero	sdiruggeroi@reverbnation.com
Frederick	Dow	fdowj@bbc.co.uk
Darin	Makeswell	dmakeswellk@mac.com
Derril	Turnock	dturnockl@cornell.edu
Norrie	Buttwell	nbuttwellm@yandex.ru
Griff	Nutley	gnutleyn@jalbum.net
Lon	Petche	lpetcheo@ehow.com
Violette	Lintott	vlintottp@house.gov
Chicky	Dayley	cdayleyq@amazonaws.com
Millard	Wallege	mwalleger@linkedin.com
Linzy	Moors	lmoorss@wikimedia.org
Kinna	Basnall	kbasnallt@indiatimes.com
Hillary	Renackowna	""
Ulrich	Garman	ugarmanv@gizmodo.com
Cobby	Herrero	cherrerow@theatlantic.com
Tiphany	Yegorkin	tyegorkinx@webmd.com
Bernie	Blenkinship	bblenkinshipy@bandcamp.com
Datha	Shury	dshuryz@irs.gov
Pearl	Pearmain	ppearmain10@opensource.org
Esther	Elt	eelt11@un.org
Raviv	Paternoster	rpaternoster12@bbb.org
Maia	Mallabon	mmallabon13@geocities.com
Lemar	Greeves	lgreeves14@usa.gov
Geralda	Hecks	ghecks15@cbc.ca
Wake	Battram	wbattram16@goodreads.com
Boot	Beastall	bbeastall17@tuttocitta.it
Clarice	Fant	cfant18@skype.com
Faulkner	McGilroy	fmcgilroy19@sina.com.cn
Shina	Strathearn	sstrathearn1a@bbc.co.uk
Abbey	Poore	apoore1b@seattletimes.com
Rudd	Ferryman	rferryman1c@rakuten.co.jp
Renate	Livoir	rlivoir1d@networksolutions.com
Olivette	Shuter	oshuter1e@blogs.com
Barney	Ellgood	bellgood1f@myspace.com
Norris	Jell	njell1g@kickstarter.com
Eadmund	Urian	eurian1h@elpais.com
Cathee	Leipold	cleipold1i@chronoengine.com
Loralyn	Hambribe	lhambribe1j@devhub.com
Vinita	Dockerty	vdockerty1k@fastcompany.com
Claybourne	Kitchinghan	ckitchinghan1l@sitemeter.com
Rowe	Leer	rleer1m@biglobe.ne.jp
Valli	Batie	vbatie1n@exblog.jp
Ninon	St Ledger	nstledger1o@ed.gov
Calley	Morfey	cmorfey1p@google.it
Elyn	Wile	ewile1q@angelfire.com
Jordon	Milillo	jmilillo1r@un.org
Clint	Hurtado	churtado1s@wiley.com
Catlee	Rowcastle	crowcastle1t@people.com.cn
Stephi	Alcoran	salcoran1u@oakley.com
Joe	Lesley	jlesley1v@ucoz.com
Engracia	Masham	emasham1w@thetimes.co.uk
Janeva	Pretorius	jpretorius1x@barnesandnoble.com
Grazia	Kellert	gkellert1y@csmonitor.com
Merrilee	Featherstonhalgh	mfeatherstonhalgh1z@buzzfeed.com
Benji	Looker	blooker20@alexa.com
Guilbert	Rodrigues	""
Cati	Attersoll	cattersoll22@usnews.com
Theodora	Maffione	tmaffione23@google.cn
Malachi	Bruntje	mbruntje24@youtube.com
Ann-marie	Fucher	afucher25@soundcloud.com
Talya	Moorhead	tmoorhead26@rambler.ru
Aleta	Whate	awhate27@bizjournals.com
Gloriana	Saward	""
Wilfrid	Balston	wbalston29@yahoo.com
Mickey	Bendan	mbendan2a@meetup.com
Marlow	Woollin	mwoollin2b@squidoo.com
Davidde	Golightly	dgolightly2c@de.vu
Cyrille	Adel	cadel2d@163.com
Mycah	Farr	mfarr2e@archive.org
Lynn	Natalie	lnatalie2f@aboutads.info
Justen	Farnes	jfarnes2g@home.pl
Kinna	Bazell	kbazell2h@soundcloud.com
Isahella	Joutapavicius	ijoutapavicius2i@blogtalkradio.com
Rochell	O'Sheeryne	""
April	Wallbutton	awallbutton2k@answers.com
Clark	Aymes	caymes2l@usnews.com
Jed	Furmedge	jfurmedge2m@vk.com
Darda	Cattrell	dcattrell2n@taobao.com
Vasily	Cummine	vcummine2o@ucla.edu
Libbie	Dubose	ldubose2p@mozilla.org
Delila	Laugherane	dlaugherane2q@oakley.com
Hurleigh	Maker	hmaker2r@oakley.com
Shelbi	Sedgmond	ssedgmond2s@tumblr.com
Vasili	Notman	""
Cesar	Beaton	cbeaton2u@springer.com
Rochette	Blannin	rblannin2v@imageshack.us
Devina	Varden	dvarden2w@webmd.com
Gabriello	Vanderplas	gvanderplas2x@plala.or.jp
Frayda	Cartmer	fcartmer2y@a8.net
Amabelle	Clarycott	aclarycott2z@sbwire.com
Ferrel	Leopard	fleopard30@feedburner.com
Corabella	Sanches	csanches31@guardian.co.uk
Maynard	Dekeyser	mdekeyser32@time.com
Skippie	Dumsday	sdumsday33@dmoz.org
Connor	Carragher	ccarragher34@clickbank.net
Alyda	Baverstock	abaverstock35@harvard.edu
Laney	Lopes	llopes36@gov.uk
Bennett	Dundridge	bdundridge37@netscape.com
Price	Trulocke	ptrulocke38@va.gov
Rowan	Joontjes	rjoontjes39@google.ca
Tybalt	Gelsthorpe	tgelsthorpe3a@narod.ru
Starr	McCrillis	smccrillis3b@hc360.com
Aloisia	Rosewell	arosewell3c@pbs.org
Berte	O' Ronan	boronan3d@sina.com.cn
Valentine	Fairbrother	vfairbrother3e@people.com.cn
Rupert	Stiegars	""
Iolande	Orlton	iorlton3g@sciencedaily.com
Dasya	Dik	ddik3h@harvard.edu
Chrysa	Reeveley	creeveley3i@smugmug.com
Ansley	McGlynn	amcglynn3j@nasa.gov
Maury	McCurt	mmccurt3k@ow.ly
Tabbi	Tuttle	ttuttle3l@ucoz.ru
Lavinie	Doerling	ldoerling3m@so-net.ne.jp
Cathlene	Ormrod	cormrod3n@rediff.com
Delinda	Agirre	dagirre3o@goodreads.com
Bord	McKernon	bmckernon3p@creativecommons.org
Lavina	Hardway	lhardway3q@e-recht24.de
Alair	Folcarelli	afolcarelli3r@de.vu
Dinny	Croutear	dcroutear3s@lycos.com
Maddie	Sargeant	msargeant3t@zimbio.com
Ezmeralda	Penniall	epenniall3u@yahoo.com
Stanislaus	Eyrl	seyrl3v@globo.com
Roxie	Mallabone	rmallabone3w@merriam-webster.com
Randal	Tembey	rtembey3x@census.gov
Giustino	Toolan	gtoolan3y@parallels.com
Tabitha	Wallen	twallen3z@altervista.org
Danny	Yusupov	dyusupov40@fema.gov
Catlin	Menary	cmenary41@behance.net
Seumas	Follitt	sfollitt42@amazonaws.com
Harald	Walster	hwalster43@dropbox.com
Zebulon	Larby	zlarby44@house.gov
Dougie	Mignot	dmignot45@tmall.com
Ced	Birrane	cbirrane46@craigslist.org
Carey	Ellacombe	cellacombe47@deliciousdays.com
Malynda	Bartosiak	""
Quint	Andrei	qandrei49@about.me
Buckie	Maryska	bmaryska4a@feedburner.com
Crin	Reboulet	creboulet4b@ifeng.com
Tarah	Tredgold	ttredgold4c@springer.com
Zaccaria	Lorman	zlorman4d@mit.edu
Marshal	Ducroe	mducroe4e@businessinsider.com
Mick	Lamdin	mlamdin4f@wordpress.org
Imogen	Stewart	istewart4g@cloudflare.com
Reynold	Genthner	rgenthner4h@blog.com
Donnie	Dubbin	ddubbin4i@imageshack.us
Inglebert	Skoof	iskoof4j@rambler.ru
Fritz	Hemphall	fhemphall4k@google.com.hk
Marcelle	Chatburn	mchatburn4l@bravesites.com
Briano	Erni	berni4m@last.fm
Jephthah	Nipper	jnipper4n@msn.com
Clive	Sketh	csketh4o@barnesandnoble.com
Homer	Luard	hluard4p@e-recht24.de
Turner	St. Louis	tstlouis4q@de.vu
Ardeen	Lalor	alalor4r@independent.co.uk
De witt	Devenny	ddevenny4s@prlog.org
Tedie	Ready	tready4t@cmu.edu
Jared	Leyrroyd	jleyrroyd4u@oakley.com
Sheela	Hosby	shosby4v@wikimedia.org
Sabina	Deveral	sdeveral4w@elegantthemes.com
Kirbie	Kneafsey	kkneafsey4x@artisteer.com
Trisha	Zanassi	tzanassi4y@china.com.cn
Ginger	Kroon	gkroon4z@microsoft.com
Maximilien	Simonett	msimonett50@newsvine.com
Darby	Fritschel	dfritschel51@about.com
Sherrie	Measey	smeasey52@upenn.edu
Annette	Houdhury	ahoudhury53@github.com
Don	Cadagan	dcadagan54@timesonline.co.uk
Gretal	Ridsdole	gridsdole55@mysql.com
Shayla	Ivshin	sivshin56@issuu.com
Myrtie	McRorie	mmcrorie57@berkeley.edu
Valle	Cherry Holme	vcherryholme58@yale.edu
Salem	Deniseau	sdeniseau59@wordpress.org
Althea	Cayle	acayle5a@icq.com
Findley	Wrettum	fwrettum5b@springer.com
Dennison	Akred	dakred5c@admin.ch
Melicent	Harrigan	mharrigan5d@amazon.de
Debra	Bebbington	dbebbington5e@bloglovin.com
Cleon	Keyme	ckeyme5f@dropbox.com
Giles	Kerwick	gkerwick5g@scientificamerican.com
Catriona	Girkins	cgirkins5h@webnode.com
Rick	Pyett	rpyett5i@geocities.com
Winnah	Hort	whort5j@gizmodo.com
Carmelita	Camock	""
Stormi	Tapenden	""
Midge	Bromehed	mbromehed5m@eventbrite.com
Erin	Delicate	edelicate5n@reverbnation.com
Alisa	Treharne	atreharne5o@tamu.edu
Pennie	Justun	pjustun5p@angelfire.com
Arlie	Boakes	aboakes5q@zdnet.com
Bobbie	Jakubowski	bjakubowski5r@instagram.com
Carlita	Demangeot	cdemangeot5s@army.mil
Arleen	Dart	adart5t@columbia.edu
Amby	Timbs	atimbs5u@cdc.gov
Ole	Domleo	odomleo5v@blog.com
Thibaut	Colquite	tcolquite5w@virginia.edu
Nap	Gelder	ngelder5x@facebook.com
Erskine	Pretsel	epretsel5y@adobe.com
Royall	Simonelli	rsimonelli5z@answers.com
Berni	Steers	bsteers60@wordpress.com
Teriann	Cowpertwait	tcowpertwait61@buzzfeed.com
Douglas	Aitken	daitken62@dell.com
Maynord	Mottram	mmottram63@whitehouse.gov
Ginger	Espinosa	gespinosa64@amazon.co.uk
Ely	Ainscough	eainscough65@go.com
Gillie	Rennock	grennock66@weather.com
Perle	Habershaw	phabershaw67@about.me
Brenn	Lucy	blucy68@unc.edu
Kathleen	Leveridge	kleveridge69@timesonline.co.uk
Findlay	Seawell	fseawell6a@bbc.co.uk
Skip	Cottie	scottie6b@google.com.hk
Raleigh	Micheu	rmicheu6c@a8.net
Xavier	Cutchee	xcutchee6d@altervista.org
Thomasina	Claringbold	tclaringbold6e@i2i.jp
Doro	Espinal	despinal6f@cpanel.net
Pip	Devany	""
Patrica	Trinkwon	ptrinkwon6h@webnode.com
Josselyn	Abisetti	jabisetti6i@nasa.gov
Ceil	Goadsby	cgoadsby6j@answers.com
Gregoor	Knowlton	gknowlton6k@hubpages.com
Cyndia	Peachment	cpeachment6l@photobucket.com
Donavon	Yeoman	dyeoman6m@prweb.com
Tabb	Derle	tderle6n@xinhuanet.com
Harlie	Kynder	hkynder6o@myspace.com
Donia	Marquot	dmarquot6p@boston.com
Marget	Matthaus	mmatthaus6q@photobucket.com
Hyacinth	Bee	hbee6r@washingtonpost.com
Craggy	Labrenz	""
Kirsteni	Lamey	klamey6t@illinois.edu
Luz	Darinton	ldarinton6u@nbcnews.com
Cammy	Pynner	cpynner6v@uiuc.edu
Gregorio	Zimmerman	gzimmerman6w@archive.org
Wallas	Larret	wlarret6x@jimdo.com
Jarad	Leggate	jleggate6y@myspace.com
Buddy	Finlay	bfinlay6z@wufoo.com
Fidelia	Mungane	fmungane70@yahoo.com
Sibylla	Giovanizio	sgiovanizio71@who.int
Barry	Wiszniewski	bwiszniewski72@thetimes.co.uk
Lilia	Meier	lmeier73@elpais.com
Wittie	Heyball	wheyball74@prweb.com
Rutledge	Tucknott	rtucknott75@so-net.ne.jp
Reggie	Balls	rballs76@bing.com
Davine	Gobolos	dgobolos77@slideshare.net
Tedie	Sebert	tsebert78@jimdo.com
Hasty	Brunesco	""
Gerardo	Cardall	gcardall7a@smh.com.au
Ignatius	MacCheyne	imaccheyne7b@a8.net
Swen	Connah	sconnah7c@sciencedirect.com
Tadio	Butson	tbutson7d@sun.com
Meggie	Pomeroy	mpomeroy7e@google.ru
Paulina	Philipot	pphilipot7f@wikimedia.org
Rebe	McCamish	rmccamish7g@163.com
Trey	Benaine	tbenaine7h@aol.com
Marius	Schuelcke	mschuelcke7i@gravatar.com
Harp	Stirland	hstirland7j@go.com
Rodrique	Toft	rtoft7k@xinhuanet.com
Worthington	Bassham	wbassham7l@delicious.com
Raimund	Merrell	rmerrell7m@homestead.com
Ingrim	Priver	ipriver7n@harvard.edu
Inge	Glauber	""
Korry	Golland	kgolland7p@wufoo.com
Ericha	Dounbare	edounbare7q@comsenz.com
Riobard	Kepling	rkepling7r@ebay.com
Lianne	Packington	lpackington7s@dell.com
Abagael	Jemmett	ajemmett7t@stanford.edu
Othilia	Dredge	odredge7u@joomla.org
Dene	O'Dowling	dodowling7v@photobucket.com
Zulema	Skuce	zskuce7w@shutterfly.com
Joane	Loveland	jloveland7x@alexa.com
Giulietta	Delany	gdelany7y@printfriendly.com
Prinz	Keyzman	pkeyzman7z@chicagotribune.com
Tabina	Autin	tautin80@php.net
Robb	Stollberger	rstollberger81@edublogs.org
Shawnee	Junkison	sjunkison82@cbc.ca
Worthy	Fredy	wfredy83@cnn.com
Russell	Brimson	rbrimson84@cam.ac.uk
Kaine	Deeves	kdeeves85@goo.gl
Calli	Hardage	""
Gerome	Wilding	gwilding87@cbc.ca
Avivah	Bertot	abertot88@slate.com
Annabell	Bax	abax89@rediff.com
Griff	Marnes	""
Sig	Campkin	scampkin8b@ox.ac.uk
Debora	Markova	dmarkova8c@wikimedia.org
Horst	Billing	hbilling8d@dedecms.com
Isadore	Pittway	ipittway8e@jalbum.net
Sebastien	McArd	smcard8f@mashable.com
Opal	MacHoste	omachoste8g@comcast.net
Bary	Andriveaux	bandriveaux8h@163.com
Collete	Gallant	cgallant8i@tumblr.com
Terencio	Hansman	thansman8j@netvibes.com
John	Dolphin	jdolphin8k@hexun.com
Florenza	Phettis	fphettis8l@altervista.org
Urbano	Shallo	ushallo8m@whitehouse.gov
Phoebe	Tingcomb	ptingcomb8n@shareasale.com
Fae	Boyland	fboyland8o@instagram.com
Aurilia	Wolfenden	awolfenden8p@geocities.jp
Gerrard	Inglish	ginglish8q@yellowpages.com
Wylma	Need	wneed8r@feedburner.com
Gerianne	Gostling	ggostling8s@hp.com
Les	Corn	lcorn8t@google.it
Linnea	Kinchington	lkinchington8u@123-reg.co.uk
Leigha	Phizackerly	lphizackerly8v@oaic.gov.au
Pebrook	Lownds	plownds8w@eventbrite.com
Randi	Silliman	rsilliman8x@phpbb.com
Shawn	Collabine	scollabine8y@biglobe.ne.jp
Dulci	Manneville	dmanneville8z@adobe.com
Rancell	Notman	rnotman90@irs.gov
Corena	Piotrkowski	cpiotrkowski91@yahoo.co.jp
Holly	Danton	hdanton92@chicagotribune.com
Irv	Wearden	iwearden93@ft.com
Annabelle	Fero	afero94@friendfeed.com
Wanda	Hardingham	whardingham95@marketwatch.com
Joyce	Ibbeson	jibbeson96@cornell.edu
Giana	Armstead	garmstead97@usda.gov
Nomi	Levy	nlevy98@huffingtonpost.com
Aloysia	Gurry	agurry99@nih.gov
Elisha	Semiraz	esemiraz9a@chronoengine.com
Sorcha	Cellier	scellier9b@example.com
Kiah	Howieson	khowieson9c@purevolume.com
Alistair	Itzak	aitzak9d@usa.gov
Yankee	Scoffham	yscoffham9e@chronoengine.com
Blake	Janic	bjanic9f@arizona.edu
Lorine	Playdon	lplaydon9g@shutterfly.com
Rutger	Ciccarello	rciccarello9h@eepurl.com
Jocelyn	Hairyes	jhairyes9i@forbes.com
Idell	Cogger	icogger9j@com.com
Andee	Bircher	abircher9k@com.com
Vikki	Marco	vmarco9l@prlog.org
Marvin	Mettricke	mmettricke9m@google.com.br
Lemuel	Torrecilla	""
Lilith	Gomersall	lgomersall9o@alibaba.com
Alphard	Tarbet	atarbet9p@de.vu
Darin	Jannings	djannings9q@soundcloud.com
Isador	Pickrill	ipickrill9r@feedburner.com
Dareen	Bale	dbale9s@state.tx.us
Mackenzie	Jecock	mjecock9t@cyberchimps.com
Guinevere	Ridings	gridings9u@yale.edu
Tonie	D'Agostino	tdagostino9v@bandcamp.com
Becky	Airlie	bairlie9w@jigsy.com
Charmane	Swaite	cswaite9x@baidu.com
Ninnette	Liepina	nliepina9y@slashdot.org
Valma	Lorek	vlorek9z@samsung.com
Abie	Barus	abarusa0@wisc.edu
Siobhan	Riseborough	sriseborougha1@hp.com
Kit	Rickett	kricketta2@hc360.com
Ettore	Inchan	einchana3@jugem.jp
Gwyn	Mousley	gmousleya4@networkadvertising.org
Ambrosius	Stellin	astellina5@rediff.com
Graig	Le Blond	gleblonda6@irs.gov
Miner	Strathman	mstrathmana7@reuters.com
Janis	Challice	jchallicea8@furl.net
Carlye	Barkhouse	cbarkhousea9@unesco.org
Giorgi	Nielson	gnielsonaa@printfriendly.com
Karita	Balle	kballeab@shutterfly.com
Herold	McCurt	hmccurtac@seattletimes.com
Lauren	Duthie	lduthiead@edublogs.org
Link	Geharke	lgeharkeae@timesonline.co.uk
Maryanne	Phillps	mphillpsaf@fda.gov
Mahmud	Garley	mgarleyag@aol.com
Shurlock	Davitashvili	sdavitashviliah@npr.org
Artemis	Draaisma	adraaismaai@netvibes.com
Lothaire	Hardin	lhardinaj@biglobe.ne.jp
Elenore	Plitz	eplitzak@japanpost.jp
Molly	Moisey	mmoiseyal@wikia.com
Veronica	Crothers	vcrothersam@discuz.net
Alberta	Elmes	aelmesan@purevolume.com
Sherm	De Coursey	sdecourseyao@businessinsider.com
Natty	Ponting	npontingap@accuweather.com
Anetta	Marzelo	amarzeloaq@wikimedia.org
Cobb	Rawcliffe	crawcliffear@home.pl
Chloe	Magister	cmagisteras@devhub.com
Nobe	Graalman	""
Sibilla	MacPhee	smacpheeau@ameblo.jp
Ephrem	Eliassen	eeliassenav@wufoo.com
Iggie	Winchcomb	iwinchcombaw@people.com.cn
Brit	Blomfield	bblomfieldax@over-blog.com
Raymund	Richard	rricharday@paginegialle.it
Hyacinthie	Lestrange	hlestrangeaz@tuttocitta.it
Michal	Peskett	mpeskettb0@chicagotribune.com
Haily	Meehan	hmeehanb1@go.com
Willdon	Bidwell	wbidwellb2@sogou.com
Creighton	Sweatman	csweatmanb3@a8.net
Kata	Benger	kbengerb4@irs.gov
Joela	St. Quentin	jstquentinb5@skyrock.com
Fonsie	Eichmann	feichmannb6@addtoany.com
Conant	Hawler	""
Pat	Boyall	""
Berna	Bohey	bboheyb9@mediafire.com
Elysia	Moatt	emoattba@google.nl
Garrard	Scoble	""
Jarvis	Aicken	jaickenbc@youtube.com
Ilyssa	Leathes	ileathesbd@live.com
Jo-ann	Langford	jlangfordbe@parallels.com
Carmine	Denisovich	cdenisovichbf@sourceforge.net
Elliot	Orwin	eorwinbg@acquirethisname.com
Kirsteni	De Lorenzo	kdelorenzobh@engadget.com
Denise	Stummeyer	dstummeyerbi@dot.gov
Kippar	Kee	kkeebj@state.tx.us
Rebbecca	Delmage	rdelmagebk@printfriendly.com
Ryley	Reilly	rreillybl@aboutads.info
Cordelie	Leppington	cleppingtonbm@edublogs.org
Chiarra	Lound	cloundbn@harvard.edu
Mayne	McEniry	mmcenirybo@fc2.com
Moise	McGovern	mmcgovernbp@sogou.com
Evelin	Gates	egatesbq@cocolog-nifty.com
Lucien	Hanway	lhanwaybr@miitbeian.gov.cn
Padriac	Pateman	ppatemanbs@answers.com
Haze	Gallear	hgallearbt@chron.com
Corry	Jirzik	cjirzikbu@ask.com
Carolina	Leipnik	cleipnikbv@huffingtonpost.com
Thayne	Fri	tfribw@networksolutions.com
Daria	O'Cahsedy	docahsedybx@un.org
Garey	Phorsby	gphorsbyby@scientificamerican.com
Lazaro	Ladon	lladonbz@imdb.com
Leicester	Taberner	ltabernerc0@usgs.gov
Sheila	Polley	spolleyc1@pinterest.com
Jules	Dmitrievski	jdmitrievskic2@hp.com
Francklyn	Sames	fsamesc3@moonfruit.com
Freddy	Landrean	flandreanc4@xrea.com
Jourdan	Jermin	jjerminc5@sun.com
Kally	Powell	kpowellc6@1688.com
Alphonse	Poulglais	apoulglaisc7@google.co.jp
Yvon	Hacon	yhaconc8@cmu.edu
Marcelo	Ocklin	mocklinc9@bbb.org
Rafi	Dietzler	rdietzlerca@washingtonpost.com
Cory	Langtry	clangtrycb@infoseek.co.jp
Daveta	Andrzejewski	dandrzejewskicc@so-net.ne.jp
Gaultiero	Cuschieri	gcuschiericd@google.pl
Brooks	Meates	bmeatesce@goodreads.com
Chelsie	Hazeldene	chazeldenecf@sina.com.cn
Phillis	Bold	pboldcg@theatlantic.com
Erin	Harrowell	eharrowellch@blogtalkradio.com
Elga	Ovid	eovidci@live.com
Duky	Domek	ddomekcj@google.fr
Adelbert	Demangel	ademangelck@foxnews.com
Beale	Everton	bevertoncl@prweb.com
Sindee	Poluzzi	spoluzzicm@about.me
Warner	Kehri	wkehricn@digg.com
Sansone	Gravy	""
Verene	Payn	vpayncp@oakley.com
Fianna	Bosse	fbossecq@wikia.com
Troy	Sacase	tsacasecr@japanpost.jp
Victoir	Millership	vmillershipcs@tumblr.com
Ulick	MacManus	umacmanusct@theguardian.com
Kimberly	Cinavas	kcinavascu@constantcontact.com
Cherrita	Duckett	cduckettcv@gravatar.com
Sybille	Arent	sarentcw@youku.com
Carla	Axtell	caxtellcx@sfgate.com
Harmony	Castenda	""
Cinderella	Cawthra	ccawthracz@cloudflare.com
Danna	Fry	dfryd0@icq.com
Trenton	Oggers	toggersd1@symantec.com
Dru	Harker	dharkerd2@gmpg.org
Leigh	Coldbathe	lcoldbathed3@adobe.com
Kaspar	Wyness	kwynessd4@vimeo.com
Ambrosius	Frankcombe	afrankcombed5@purevolume.com
Christophe	Augustus	caugustusd6@youtube.com
Otis	Hyett	ohyettd7@marriott.com
Aleece	Savin	asavind8@printfriendly.com
Lacy	Jennison	ljennisond9@bloglovin.com
Amargo	Jurzyk	ajurzykda@qq.com
Trudey	Petchell	tpetchelldb@timesonline.co.uk
Em	Castellaccio	ecastellacciodc@psu.edu
Moishe	Bannard	mbannarddd@fda.gov
Geordie	Carlon	gcarlonde@baidu.com
Nicola	Lanning	nlanningdf@timesonline.co.uk
Kele	Broxton	kbroxtondg@networksolutions.com
Erl	Ede	eededh@rambler.ru
Cordula	Duran	cdurandi@ft.com
Shina	Meigh	smeighdj@utexas.edu
Hermine	Foot	hfootdk@sbwire.com
Philipa	Bracco	pbraccodl@google.ca
Berta	Autie	""
Steffen	Aronson	saronsondn@nih.gov
Florencia	Curnnokk	fcurnnokkdo@csmonitor.com
Luigi	Hourihane	lhourihanedp@engadget.com
Maurise	Rooper	mrooperdq@hao123.com
Marco	Vassman	mvassmandr@wikia.com
Lorrie	Huckle	lhuckleds@usatoday.com
Tilda	Maplesden	tmaplesdendt@github.io
Augustus	Purdon	apurdondu@techcrunch.com
Veronike	Rumgay	vrumgaydv@un.org
Jilleen	Rawling	jrawlingdw@aboutads.info
Gavra	Tindall	gtindalldx@google.com
Lyn	Ayre	layredy@vk.com
Constantin	MacAdam	""
Christophorus	Dik	cdike0@eventbrite.com
Kerk	Realph	""
Si	Cockarill	scockarille2@columbia.edu
Towney	Spatoni	tspatonie3@nsw.gov.au
Arlana	Carn	acarne4@amazon.co.uk
Wynn	Kilcoyne	wkilcoynee5@a8.net
Kayley	Fassan	kfassane6@bigcartel.com
Josepha	Oxburgh	joxburghe7@networkadvertising.org
Rufe	Currum	rcurrume8@exblog.jp
Terese	Brewins	tbrewinse9@istockphoto.com
Monica	Regglar	mregglarea@w3.org
Melly	MacLure	mmaclureeb@ebay.co.uk
Forrest	Oldnall	foldnallec@cam.ac.uk
Broddy	Dudden	bduddened@wiley.com
Sanson	Zack	szackee@nih.gov
Dee	Bohman	dbohmanef@plala.or.jp
Carter	Wraight	cwraighteg@japanpost.jp
Barnabe	Kinder	bkindereh@istockphoto.com
Seline	McPhillimey	smcphillimeyei@home.pl
Clemmy	Aynold	caynoldej@hp.com
Rosette	Chance	rchanceek@wired.com
Mechelle	Scandroot	mscandrootel@google.com.hk
Olivia	Vitall	ovitallem@ft.com
Jeannie	Chatell	jchatellen@java.com
Mersey	Edgeworth	""
Fairlie	Caldero	fcalderoep@bigcartel.com
Yetta	Esherwood	yesherwoodeq@economist.com
Nikolos	Gresswell	ngressweller@google.co.uk
Timi	Alen	talenes@amazon.co.uk
Beatriz	Stable	bstableet@amazon.co.jp
Vergil	Harraway	vharrawayeu@dropbox.com
Georgine	Leborgne	gleborgneev@weebly.com
Gan	Niezen	""
Kale	Sweatman	ksweatmanex@feedburner.com
Ingrim	Snare	isnareey@dedecms.com
Marlene	Dallaway	mdallawayez@senate.gov
Kenny	Olivella	kolivellaf0@goodreads.com
Masha	MacGahy	mmacgahyf1@unc.edu
Natasha	Tern	nternf2@earthlink.net
Wayland	Percifer	wperciferf3@webmd.com
Zoe	Owers	zowersf4@buzzfeed.com
Jerad	O'Hartagan	johartaganf5@amazonaws.com
Burt	Harcase	bharcasef6@behance.net
Stephine	Grene	sgrenef7@hugedomains.com
Angel	Garrick	agarrickf8@netscape.com
Sonnie	Jenkinson	""
Lena	Shoard	lshoardfa@shinystat.com
Spenser	Whitelock	swhitelockfb@wikispaces.com
Toddie	McCorrie	tmccorriefc@si.edu
Mikel	Barke	mbarkefd@t.co
Pattin	Adamski	padamskife@list-manage.com
Mallory	Peniello	mpenielloff@oracle.com
Merwin	McCullough	mmcculloughfg@exblog.jp
Shea	Jordanson	sjordansonfh@biglobe.ne.jp
Homerus	Hirjak	""
Ludvig	Threader	lthreaderfj@facebook.com
Alain	Rableau	arableaufk@domainmarket.com
Beryl	Gowman	bgowmanfl@sbwire.com
Booth	Forth	bforthfm@nature.com
Phillipp	Phillcox	pphillcoxfn@ted.com
Stephine	Faragan	sfaraganfo@rambler.ru
Romain	Coslett	rcoslettfp@xing.com
Ruby	Idale	ridalefq@amazon.co.uk
Angeli	Rosengart	""
Ty	Branchet	tbranchetfs@ning.com
Nial	Birkin	nbirkinft@economist.com
Galina	Hawkett	ghawkettfu@example.com
Ced	Dows	cdowsfv@npr.org
Skipp	Boaler	sboalerfw@vistaprint.com
Lacey	Hof	lhoffx@purevolume.com
Jeramie	Aucutt	""
Leonardo	Slaten	lslatenfz@ox.ac.uk
Caresse	Thelwll	cthelwllg0@prnewswire.com
Blakelee	Issard	bissardg1@earthlink.net
Charmain	Thomlinson	cthomlinsong2@phpbb.com
Shannon	Gouldie	sgouldieg3@pcworld.com
Amelie	Snozzwell	asnozzwellg4@quantcast.com
Bradford	Chessill	bchessillg5@comsenz.com
Vinnie	Pickervance	vpickervanceg6@pcworld.com
Sheila-kathryn	Kenshole	skensholeg7@amazon.co.uk
Garrott	Patron	gpatrong8@moonfruit.com
Claudetta	Lincey	clinceyg9@msu.edu
Dalenna	Stannas	dstannasga@cargocollective.com
Emily	O' Kelleher	eokellehergb@amazonaws.com
Phoebe	Goodger	pgoodgergc@ucoz.com
Chariot	Isted	cistedgd@umich.edu
Bear	Crichten	bcrichtenge@dailymotion.com
Beniamino	Gealle	bgeallegf@abc.net.au
Bendicty	Grabham	bgrabhamgg@a8.net
Georgeanna	Trimnell	gtrimnellgh@nytimes.com
Cheri	Dimitresco	cdimitrescogi@mozilla.com
Wendel	Stonebridge	wstonebridgegj@creativecommons.org
Jeremy	Edensor	""
Anne-corinne	Furby	afurbygl@over-blog.com
Sile	Andras	""
Amalita	Clare	aclaregn@java.com
Stephani	Lavell	slavellgo@networksolutions.com
Obadiah	Farrear	ofarreargp@reference.com
Miller	Lehrian	mlehriangq@msn.com
Inglebert	Pock	ipockgr@shop-pro.jp
Armando	Beggin	abeggings@yahoo.com
Tonia	McQuaide	""
Nat	Rimer	nrimergu@economist.com
Arliene	Sturch	asturchgv@usnews.com
Todd	St. John	tstjohngw@alexa.com
Brooks	Varcoe	""
Jake	Gerald	jgeraldgy@senate.gov
Rianon	Godman	rgodmangz@studiopress.com
Jaye	Bulfoot	jbulfooth0@tumblr.com
Katrina	Berwick	kberwickh1@sohu.com
Hallsy	Netley	hnetleyh2@cnet.com
Manny	Smowton	msmowtonh3@dagondesign.com
Winni	Gallyhaock	wgallyhaockh4@homestead.com
Leland	Stalley	lstalleyh5@about.com
Torre	Cowper	tcowperh6@parallels.com
Christye	Colcutt	""
Colver	Hauger	chaugerh8@php.net
Benni	McLarnon	bmclarnonh9@lulu.com
Joy	Tweede	jtweedeha@loc.gov
Carlyle	Brealey	cbrealeyhb@toplist.cz
Curtice	Taylour	ctaylourhc@mysql.com
Honor	Strowther	""
Elsi	Trillo	etrillohe@utexas.edu
Olly	Brazear	obrazearhf@mysql.com
Meyer	Nemchinov	mnemchinovhg@meetup.com
Aksel	Ruit	aruithh@sfgate.com
Berrie	Fallon	bfallonhi@ft.com
Osgood	Allsworth	oallsworthhj@ibm.com
Thatcher	Cadge	tcadgehk@nature.com
Esmeralda	McGall	emcgallhl@salon.com
Marita	Fero	""
Nedda	Becom	nbecomhn@wisc.edu
Simeon	Kinmond	skinmondho@ed.gov
Megan	Adamkiewicz	madamkiewiczhp@slideshare.net
Gretel	Tizard	gtizardhq@sciencedaily.com
Aldridge	Coots	acootshr@yolasite.com
Danita	Welbourn	dwelbournhs@g.co
Delainey	Portwaine	dportwaineht@harvard.edu
Jackquelin	Le Blanc	jleblanchu@jimdo.com
Tobias	Feacham	tfeachamhv@blogger.com
Lazare	Shane	lshanehw@disqus.com
Elisabet	Cowpe	ecowpehx@bbc.co.uk
Micheil	Cromb	mcrombhy@yellowpages.com
Andrei	Roelvink	aroelvinkhz@a8.net
Irina	Bastide	ibastidei0@linkedin.com
Almeda	Jachimczak	ajachimczaki1@4shared.com
Faun	Hamer	fhameri2@trellian.com
Cassius	Sparrowe	csparrowei3@dmoz.org
Gunter	Mingard	""
Lothario	Ralling	lrallingi5@addthis.com
Silvan	Le feuvre	slefeuvrei6@google.ca
Renado	Nock	rnocki7@xrea.com
Bernice	Vasilov	bvasilovi8@elegantthemes.com
Thorpe	Stradling	tstradlingi9@hc360.com
Laureen	Hastwell	lhastwellia@opera.com
Clywd	Peoples	cpeoplesib@acquirethisname.com
Riley	Deares	rdearesic@cisco.com
Kenna	Spriddle	""
Suzanne	Raylton	srayltonie@free.fr
Henry	Bergeau	hbergeauif@technorati.com
Trevar	Gramer	tgramerig@icio.us
Templeton	Sommerville	tsommervilleih@github.com
Crosby	Jakobssen	cjakobssenii@bravesites.com
Hannah	Heathfield	hheathfieldij@tiny.cc
Averil	Sperry	asperryik@storify.com
Emmaline	Heis	eheisil@ucoz.ru
Artemus	Kelinge	akelingeim@pbs.org
Helaine	Gelly	hgellyin@amazon.com
Estele	Simmance	esimmanceio@cafepress.com
Gayle	Gillford	ggillfordip@deviantart.com
Nixie	Cattini	ncattiniiq@godaddy.com
Lutero	Bosche	lboscheir@hhs.gov
Joby	Gilks	jgilksis@nbcnews.com
Jenilee	Zmitruk	jzmitrukit@fda.gov
Beatriz	Simionescu	bsimionescuiu@eventbrite.com
Berne	Scurrell	bscurrelliv@tmall.com
Wilie	Fantin	wfantiniw@craigslist.org
Sheelah	Kindley	skindleyix@mayoclinic.com
Elke	Benjafield	ebenjafieldiy@hud.gov
Lura	Lippiatt	llippiattiz@bbc.co.uk
Rudyard	Gant	rgantj0@imageshack.us
Tabitha	Jean	tjeanj1@eventbrite.com
Alvy	Wilmot	awilmotj2@sbwire.com
Stephanus	Kitchenham	skitchenhamj3@bloglovin.com
Valerye	Grayham	vgrayhamj4@discovery.com
Wanda	Geindre	wgeindrej5@1und1.de
Colly	Sherwen	csherwenj6@ezinearticles.com
Stephenie	Kilpin	""
Bonnibelle	Forsard	bforsardj8@ocn.ne.jp
Nertie	Nary	nnaryj9@altervista.org
Dorena	Hallet	dhalletja@stumbleupon.com
Homere	Seage	hseagejb@cargocollective.com
Robert	Snashall	rsnashalljc@goo.ne.jp
Edin	Baudoux	ebaudouxjd@irs.gov
Aldwin	Gionettitti	agionettittije@dailymail.co.uk
Juline	Chree	jchreejf@nba.com
Franny	Izon	""
Major	Castelletto	mcastellettojh@google.de
Odele	Choulerton	ochoulertonji@theglobeandmail.com
Felic	Pagel	fpageljj@g.co
Irita	Folli	""
Arni	Bicknell	""
Frasier	Fauning	ffauningjm@princeton.edu
Charity	Renac	crenacjn@bluehost.com
Ev	Francesco	efrancescojo@mac.com
Allx	Orrice	aorricejp@xing.com
Krystyna	Giannini	kgianninijq@gmpg.org
Saxe	O'Scollain	soscollainjr@dmoz.org
Peggie	Acosta	pacostajs@nature.com
Arabel	Stanney	astanneyjt@theglobeandmail.com
Peder	Truwert	ptruwertju@twitter.com
Lynette	Bleacher	lbleacherjv@twitter.com
Vernon	D'Acth	vdacthjw@census.gov
Boniface	Letts	blettsjx@illinois.edu
Gerladina	Wickling	gwicklingjy@ucoz.com
Bendix	Malbon	bmalbonjz@imgur.com
Codie	Starzaker	cstarzakerk0@cbsnews.com
Maryann	Sallery	msalleryk1@stanford.edu
Alexandra	Chue	achuek2@theatlantic.com
Allayne	Donaho	adonahok3@ucoz.ru
Ryan	Marrington	rmarringtonk4@woothemes.com
Burg	Di Pietro	bdipietrok5@1und1.de
Clem	Gippes	cgippesk6@unicef.org
Etan	Syddie	esyddiek7@list-manage.com
Corri	Harteley	charteleyk8@sciencedaily.com
Wain	Kuzemka	wkuzemkak9@va.gov
Andria	Norewood	anorewoodka@vistaprint.com
Filip	Sackler	fsacklerkb@dagondesign.com
Constanta	Sears	csearskc@reuters.com
Rochester	Stonnell	rstonnellkd@google.co.uk
Cecily	Hutchin	chutchinke@soup.io
Celine	Agiolfinger	cagiolfingerkf@reverbnation.com
Brita	Vido	bvidokg@blogger.com
Karine	Gillison	kgillisonkh@hhs.gov
Sabine	Greatrex	""
Currey	Tindall	ctindallkj@time.com
Ulrica	Rossiter	urossiterkk@dell.com
Findley	Crim	fcrimkl@infoseek.co.jp
Quent	Andras	qandraskm@foxnews.com
Luther	Cowhig	lcowhigkn@sphinn.com
Arlie	Itzkovitch	aitzkovitchko@apache.org
Yoshiko	Pettigrew	ypettigrewkp@merriam-webster.com
Bern	Ipwell	bipwellkq@gov.uk
Roxine	Etchingham	retchinghamkr@sogou.com
Derril	Troth	dtrothks@spotify.com
Yelena	Cuberley	ycuberleykt@epa.gov
Jacquelin	Doctor	jdoctorku@usatoday.com
Diandra	Ugolotti	dugolottikv@howstuffworks.com
Edgard	Fishbourne	efishbournekw@vimeo.com
Spence	Neal	snealkx@seattletimes.com
Celia	Prozescky	cprozesckyky@goodreads.com
Horatius	Ferandez	hferandezkz@yellowbook.com
Pedro	Brain	pbrainl0@wix.com
Skye	Weafer	sweaferl1@ask.com
Bendick	Nelm	bnelml2@github.com
Alric	Stratz	astratzl3@unicef.org
Marcos	Sine	msinel4@answers.com
Boyce	Hickenbottom	bhickenbottoml5@baidu.com
Wang	Haddleston	whaddlestonl6@state.tx.us
Denna	Reston	""
Welbie	Hailey	whaileyl8@patch.com
Roseanne	Carabine	""
Latisha	Weaving	lweavingla@networkadvertising.org
Brianne	Pfertner	""
Marleen	Gallelli	mgallellilc@amazon.co.uk
Torrence	Espinazo	tespinazold@storify.com
Oby	Creboe	ocreboele@vimeo.com
Jessi	Sullly	jsulllylf@baidu.com
Chancey	Scorthorne	cscorthornelg@tiny.cc
Annissa	Philpault	aphilpaultlh@rediff.com
Kat	Peebles	kpeeblesli@ning.com
Lexi	Chumley	lchumleylj@hostgator.com
Dix	Teggart	""
Tiffanie	Tawse	ttawsell@china.com.cn
Bryan	Howsego	bhowsegolm@xinhuanet.com
Devon	Jerrans	djerransln@tuttocitta.it
Herta	Dobbs	hdobbslo@mysql.com
Giacopo	Machans	""
Jeffry	Merrigan	jmerriganlq@engadget.com
Vinita	Rawls	vrawlslr@jiathis.com
Gladys	Piscot	gpiscotls@surveymonkey.com
Dorolisa	Grishmanov	dgrishmanovlt@yale.edu
Melisandra	Adamo	madamolu@phpbb.com
Noni	Geratasch	ngerataschlv@biblegateway.com
Grady	Creebo	gcreebolw@eventbrite.com
Cazzie	Kenright	ckenrightlx@bluehost.com
Dyanna	Locarno	""
Scott	Simpole	ssimpolelz@topsy.com
Alistair	Saywell	""
Tiffanie	Simek	tsimekm1@livejournal.com
Bunni	Kensy	bkensym2@columbia.edu
Fran	Dudderidge	fdudderidgem3@acquirethisname.com
Casi	Stonnell	""
Wenona	Ibbott	wibbottm5@prlog.org
Corri	Lathaye	clathayem6@cloudflare.com
Rosy	Le Clercq	""
Kippy	Glisenan	""
Rori	Micheu	rmicheum9@ftc.gov
Pamela	Stickles	psticklesma@w3.org
Nate	Calveley	ncalveleymb@shutterfly.com
Bat	Maccari	bmaccarimc@nba.com
Marguerite	Curson	mcursonmd@prlog.org
Marmaduke	Campos	mcamposme@i2i.jp
Jerry	Wooster	jwoostermf@cornell.edu
Diane	Kiossel	dkiosselmg@va.gov
Jeffie	Kitt	jkittmh@who.int
Sissy	Ditchfield	sditchfieldmi@baidu.com
Alfonso	Goldsworthy	agoldsworthymj@godaddy.com
Vania	Wrassell	""
Carree	Barltrop	cbarltropml@artisteer.com
Kermie	Hardey	khardeymm@va.gov
Shawna	Lies	sliesmn@cmu.edu
Annie	Shakesbye	ashakesbyemo@noaa.gov
Duky	Dunham	ddunhammp@zdnet.com
Niels	Goody	ngoodymq@delicious.com
Ogdan	Limeburner	olimeburnermr@flavors.me
Myranda	Demangel	mdemangelms@issuu.com
Bobina	Wagstaffe	bwagstaffemt@mit.edu
Klement	Knightsbridge	kknightsbridgemu@adobe.com
Dael	Carruth	dcarruthmv@sphinn.com
Oona	Rickaby	orickabymw@nationalgeographic.com
Franzen	Hansel	fhanselmx@1688.com
Korey	Waddie	kwaddiemy@uiuc.edu
Valentine	Braikenridge	vbraikenridgemz@tmall.com
Josie	Drage	jdragen0@123-reg.co.uk
Friedrick	Bryde	fbryden1@archive.org
Nola	Sate	nsaten2@yellowbook.com
Aubrette	Everwin	aeverwinn3@altervista.org
Shell	Leneve	sleneven4@vk.com
Evelin	Itzkovwich	eitzkovwichn5@ask.com
Rikki	Sage	rsagen6@dedecms.com
Jarred	Coard	jcoardn7@time.com
Solomon	Kirkbright	skirkbrightn8@soundcloud.com
Raimund	Swidenbank	rswidenbankn9@pcworld.com
Isaiah	Sussex	isussexna@tinyurl.com
Mikel	McFeat	mmcfeatnb@seesaa.net
Ker	Rigge	kriggenc@taobao.com
Onofredo	Daltry	odaltrynd@opensource.org
Templeton	Osbiston	tosbistonne@theglobeandmail.com
Angie	Edmundson	aedmundsonnf@baidu.com
Audrye	Dagger	adaggerng@mozilla.org
Jared	Elphinston	jelphinstonnh@bizjournals.com
Lise	Fullylove	lfullyloveni@amazon.co.jp
Kirsten	Sarll	ksarllnj@comsenz.com
Julia	Bannon	jbannonnk@yellowpages.com
Xever	Fitzhenry	xfitzhenrynl@noaa.gov
Nancey	Kingham	nkinghamnm@adobe.com
Frankie	Crucetti	fcrucettinn@oracle.com
Ari	Whistlecraft	awhistlecraftno@prlog.org
Dorothy	Thickens	dthickensnp@123-reg.co.uk
Alexis	Tabourin	atabourinnq@youtu.be
Charley	Bezemer	cbezemernr@whitehouse.gov
Phineas	Aleksahkin	paleksahkinns@goo.ne.jp
Felizio	Hellicar	fhellicarnt@umich.edu
Byran	Wilfling	bwilflingnu@tuttocitta.it
Gaye	Webbe	gwebbenv@desdev.cn
Maren	Schoolcroft	mschoolcroftnw@seattletimes.com
Aldric	Byk	abyknx@adobe.com
Clifford	Treske	""
Lorette	Cheavin	lcheavinnz@go.com
Melvyn	Phelip	mphelipo0@hexun.com
Juan	Copas	jcopaso1@blogspot.com
Filmore	de Keyser	fdekeysero2@i2i.jp
Tine	Menichi	tmenichio3@mozilla.org
Marlena	Burris	mburriso4@bravesites.com
Ola	Creamen	ocreameno5@typepad.com
Sandor	Mendez	smendezo6@mail.ru
Edgardo	Gover	egovero7@foxnews.com
Isobel	Conner	iconnero8@cam.ac.uk
Vivyan	Halmkin	vhalmkino9@salon.com
Blisse	Guisby	""
Jayne	Heineking	jheinekingob@reddit.com
Chucho	Commin	ccomminoc@yahoo.com
Major	Mioni	mmioniod@discovery.com
Gerrard	Piper	gpiperoe@forbes.com
Esra	Credland	""
Ada	Laroze	alarozeog@bbc.co.uk
Lynea	Tootal	ltootaloh@bloglines.com
Jocelyn	Elies	jeliesoi@bravesites.com
Stefanie	Eccleshall	seccleshalloj@howstuffworks.com
Bartolemo	Cattow	bcattowok@cornell.edu
Bertrand	Ivanilov	bivanilovol@marketwatch.com
Willow	Harrison	wharrisonom@diigo.com
Gale	Ouver	gouveron@linkedin.com
Claretta	Tomadoni	ctomadonioo@sogou.com
Georgeanna	Halliburton	ghalliburtonop@gravatar.com
Benita	Jacobsson	bjacobssonoq@bbb.org
Dino	McPeake	dmcpeakeor@redcross.org
Llewellyn	Bulpitt	""
Stanfield	Lorenzini	slorenziniot@un.org
Ardis	Brahams	abrahamsou@buzzfeed.com
Gearalt	Ditchett	gditchettov@opera.com
Cybil	Pattemore	cpattemoreow@omniture.com
Deena	Brixey	dbrixeyox@tiny.cc
Seamus	MacKerley	smackerleyoy@accuweather.com
Isidore	Cerith	icerithoz@histats.com
Paige	Grzegorzewski	pgrzegorzewskip0@reuters.com
Tye	MacRinn	tmacrinnp1@jigsy.com
Kikelia	Handscomb	khandscombp2@tiny.cc
Domini	Blaine	dblainep3@flickr.com
Brendin	Treadwell	btreadwellp4@posterous.com
Morgan	Lupson	mlupsonp5@acquirethisname.com
Don	Moger	dmogerp6@opensource.org
Gilles	Date	gdatep7@istockphoto.com
Cash	Leaves	cleavesp8@unesco.org
Isa	Morteo	imorteop9@wordpress.com
Phillis	Mushet	pmushetpa@home.pl
Gill	Grundon	ggrundonpb@phpbb.com
Dudley	Slides	dslidespc@webeden.co.uk
Jemima	Snedden	jsneddenpd@youku.com
Julia	Rolfo	jrolfope@tinyurl.com
Lexis	Tatterton	ltattertonpf@boston.com
Giuseppe	Larchier	glarchierpg@yahoo.com
Lothario	Leban	llebanph@sbwire.com
Tedie	Pickton	tpicktonpi@wsj.com
Caron	Martellini	cmartellinipj@hud.gov
Marilyn	Fishbie	mfishbiepk@about.me
Salem	McKerron	""
Corene	Trusty	ctrustypm@umich.edu
Midge	Ackermann	mackermannpn@wikipedia.org
Nicola	Bazelle	nbazellepo@blogtalkradio.com
Shandra	Oels	soelspp@purevolume.com
Maitilde	Plesing	mplesingpq@go.com
Bev	Lindsey	blindseypr@yale.edu
Brand	Jaray	bjarayps@state.tx.us
Adolphe	Pennings	apenningspt@trellian.com
Darren	Starte	dstartepu@tiny.cc
Edd	Alexander	ealexanderpv@wisc.edu
Casey	Hockell	chockellpw@cargocollective.com
Essy	Aguilar	eaguilarpx@livejournal.com
Alex	Hentzeler	ahentzelerpy@yellowpages.com
Hector	Siddell	hsiddellpz@google.ru
Donal	Bakey	dbakeyq0@ask.com
Violette	Littledike	vlittledikeq1@gnu.org
Gustav	Plain	gplainq2@sogou.com
Gabe	Sothcott	gsothcottq3@sogou.com
Odessa	Cunio	ocunioq4@wikispaces.com
Vivianne	Dawkes	vdawkesq5@si.edu
Agnese	Chaston	achastonq6@shinystat.com
Carmella	Polley	cpolleyq7@linkedin.com
Ludwig	Dooman	ldoomanq8@usda.gov
Joanie	Jahnig	jjahnigq9@google.com.br
Delmer	Couves	dcouvesqa@people.com.cn
Dill	Tolhurst	dtolhurstqb@hubpages.com
Florance	Swatman	fswatmanqc@imageshack.us
Lorraine	Silverstone	lsilverstoneqd@google.ca
Remington	Abrahamian	rabrahamianqe@adobe.com
Wilfred	Maccaddie	wmaccaddieqf@nymag.com
Lucho	Irdale	lirdaleqg@discuz.net
Herculie	Boughey	hbougheyqh@merriam-webster.com
Brandi	Meecher	bmeecherqi@list-manage.com
Rosella	Sussans	rsussansqj@usatoday.com
Henrik	Oldaker	holdakerqk@tripod.com
Xerxes	Talby	xtalbyql@techcrunch.com
Maury	Leggat	mleggatqm@cloudflare.com
Merl	Patmore	mpatmoreqn@bandcamp.com
Melania	Berget	mbergetqo@nih.gov
Tannie	MacNeish	tmacneishqp@godaddy.com
Ethyl	Wearn	ewearnqq@feedburner.com
Maddi	Jans	mjansqr@earthlink.net
Idette	O'Scannill	ioscannillqs@ibm.com
Thorin	Keepin	tkeepinqt@51.la
Nickey	Shirland	nshirlandqu@redcross.org
Desdemona	Germann	dgermannqv@europa.eu
Alic	Jime	ajimeqw@wordpress.com
Prudy	Crosi	pcrosiqx@livejournal.com
Seka	Domelow	sdomelowqy@moonfruit.com
Jeth	Newarte	jnewarteqz@hp.com
Basile	Crocumbe	bcrocumber0@businessinsider.com
Felice	Corps	fcorpsr1@newsvine.com
Joellen	Crossland	jcrosslandr2@booking.com
Dimitri	Hincks	dhincksr3@prweb.com
Joseph	Clixby	jclixbyr4@shop-pro.jp
Gray	Beel	gbeelr5@linkedin.com
Mandi	Matts	mmattsr6@dropbox.com
Emmott	Northwood	enorthwoodr7@yolasite.com
Miran	Laying	mlayingr8@cmu.edu
Janine	Tonbye	jtonbyer9@vimeo.com
Terry	Huburn	thuburnra@intel.com
Bjorn	Corneille	bcorneillerb@google.ca
Dolores	Gindghill	dgindghillrc@vkontakte.ru
Mano	Land	mlandrd@slideshare.net
Anissa	Blaschke	ablaschkere@ucoz.ru
Kin	Roizin	kroizinrf@google.com
Pacorro	Flea	pflearg@craigslist.org
Eadie	Vanichev	evanichevrh@addthis.com
Davin	Ayer	dayerri@barnesandnoble.com
Julienne	Hearnes	jhearnesrj@bandcamp.com
Durand	Crick	dcrickrk@multiply.com
Petronilla	Durtnal	pdurtnalrl@amazonaws.com
Melisandra	Bergin	mberginrm@reverbnation.com
Wyndham	Puden	wpudenrn@miitbeian.gov.cn
Mack	Poser	""
Haleigh	Reddyhoff	""
Johnna	Upjohn	jupjohnrq@smugmug.com
Sunny	Coning	sconingrr@aboutads.info
