visitor_id|first_name|last_name|email|gender|ip_address
INVALID_RECORD|Pepi|Kilbourne|INVALID_RECORD|Female|84.196.181.206
INVALID_RECORD|Shanta|Tumber|INVALID_RECORD|Female|71.102.214.197
INVALID_RECORD|Hillary|Renackowna|INVALID_RECORD|Male|205.12.233.232
INVALID_RECORD|Guilbert|Rodrigues|INVALID_RECORD|Male|204.226.140.111
INVALID_RECORD|Gloriana|Saward|INVALID_RECORD|Female|232.180.22.68
INVALID_RECORD|Rochell|O'Sheeryne|INVALID_RECORD|Female|214.169.197.119
INVALID_RECORD|Vasili|Notman|INVALID_RECORD|HRWMale|240.10.38.196
INVALID_RECORD|Rupert|Stiegars|INVALID_RECORD|Male|69.237.226.67
144|Tabitha|Wallen|twallen3z@altervista.org|INVALID_RECORD|17.250.15.126
INVALID_RECORD|Malynda|Bartosiak|INVALID_RECORD|Female|139.232.58.236
INVALID_RECORD|Carmelita|Camock|INVALID_RECORD|Female|75.195.58.173
INVALID_RECORD|Stormi|Tapenden|INVALID_RECORD|Female|134.255.103.78
INVALID_RECORD|Pip|Devany|INVALID_RECORD|Male|174.143.163.22
INVALID_RECORD|Craggy|Labrenz|INVALID_RECORD|Male|193.70.236.47
INVALID_RECORD|Hasty|Brunesco|INVALID_RECORD|Male|137.11.179.215
INVALID_RECORD|Inge|Glauber|INVALID_RECORD|Female|219.33.250.156
INVALID_RECORD|Calli|Hardage|INVALID_RECORD|Female|141.31.117.66
INVALID_RECORD|Griff|Marnes|INVALID_RECORD|Male|16.159.81.155
INVALID_RECORD|Lemuel|Torrecilla|INVALID_RECORD|Male|143.42.59.237
INVALID_RECORD|Nobe|Graalman|INVALID_RECORD|Male|92.191.8.232
INVALID_RECORD|Conant|Hawler|INVALID_RECORD|Male|57.94.26.165
INVALID_RECORD|Pat|Boyall|INVALID_RECORD|Male|149.142.229.83
INVALID_RECORD|Garrard|Scoble|INVALID_RECORD|Male|122.211.196.104
INVALID_RECORD|Sansone|Gravy|INVALID_RECORD|Male|185.51.99.55
INVALID_RECORD|Harmony|Castenda|INVALID_RECORD|Female|166.71.133.221
INVALID_RECORD|Berta|Autie|INVALID_RECORD|Female|220.230.203.152
INVALID_RECORD|Constantin|MacAdam|INVALID_RECORD|Male|181.175.232.183
INVALID_RECORD|Kerk|Realph|INVALID_RECORD|Male|97.11.198.152
INVALID_RECORD|Mersey|Edgeworth|INVALID_RECORD|Female|94.248.246.40
INVALID_RECORD|Gan|Niezen|INVALID_RECORD|Male|215.217.232.168
INVALID_RECORD|Sonnie|Jenkinson|INVALID_RECORD|Male|45.54.66.84
INVALID_RECORD|Homerus|Hirjak|INVALID_RECORD|Male|119.54.157.162
INVALID_RECORD|Angeli|Rosengart|INVALID_RECORD|Male|222.198.68.68
INVALID_RECORD|Jeramie|Aucutt|INVALID_RECORD|Male|196.89.28.238
INVALID_RECORD|Jeremy|Edensor|INVALID_RECORD|Male|15.89.222.33
INVALID_RECORD|Sile|Andras|INVALID_RECORD|Female|194.93.48.250
INVALID_RECORD|Tonia|McQuaide|INVALID_RECORD|Female|144.8.168.235
INVALID_RECORD|Brooks|Varcoe|INVALID_RECORD|Male|122.252.123.164
INVALID_RECORD|Christye|Colcutt|INVALID_RECORD|Female|26.177.62.144
INVALID_RECORD|Honor|Strowther|INVALID_RECORD|Female|140.208.84.15
INVALID_RECORD|Marita|Fero|INVALID_RECORD|Female|199.82.194.72
INVALID_RECORD|Gunter|Mingard|INVALID_RECORD|Male|113.149.76.84
INVALID_RECORD|Kenna|Spriddle|INVALID_RECORD|Female|156.15.196.32
INVALID_RECORD|Stephenie|Kilpin|INVALID_RECORD|Female|53.48.126.221
INVALID_RECORD|Franny|Izon|INVALID_RECORD|Male|208.180.70.208
INVALID_RECORD|Irita|Folli|INVALID_RECORD|Female|7.217.3.163
INVALID_RECORD|Arni|Bicknell|INVALID_RECORD|Male|2.36.39.39
INVALID_RECORD|Sabine|Greatrex|INVALID_RECORD|Female|129.93.85.245
INVALID_RECORD|Denna|Reston|INVALID_RECORD|Female|48.246.113.39
INVALID_RECORD|Roseanne|Carabine|INVALID_RECORD|Female|19.249.249.250
INVALID_RECORD|Brianne|Pfertner|INVALID_RECORD|Female|150.121.91.231
INVALID_RECORD|Dix|Teggart|INVALID_RECORD|Female|153.230.35.91
INVALID_RECORD|Giacopo|Machans|INVALID_RECORD|Male|196.3.28.60
INVALID_RECORD|Dyanna|Locarno|INVALID_RECORD|Female|123.10.114.129
INVALID_RECORD|Alistair|Saywell|INVALID_RECORD|Male|195.217.103.3
INVALID_RECORD|Casi|Stonnell|INVALID_RECORD|Female|249.207.212.211
INVALID_RECORD|Rosy|Le Clercq|INVALID_RECORD|Female|24.95.156.87
INVALID_RECORD|Kippy|Glisenan|INVALID_RECORD|Male|55.81.243.209
INVALID_RECORD|Vania|Wrassell|INVALID_RECORD|Female|50.209.34.232
INVALID_RECORD|Clifford|Treske|INVALID_RECORD|Male|224.18.119.25
INVALID_RECORD|Blisse|Guisby|INVALID_RECORD|Female|249.15.78.182
INVALID_RECORD|Esra|Credland|INVALID_RECORD|Male|209.216.223.186
INVALID_RECORD|Llewellyn|Bulpitt|INVALID_RECORD|Male|255.212.85.194
INVALID_RECORD|Salem|McKerron|INVALID_RECORD|Male|202.91.97.191
991|Davin|Ayer|dayerri@barnesandnoble.com|INVALID_RECORD|88.138.125.228
INVALID_RECORD|Mack|Poser|INVALID_RECORD|Male|72.122.182.45
INVALID_RECORD|Haleigh|Reddyhoff|INVALID_RECORD|Male|108.90.233.235
