CustomerID,CustomerFirstName,CustomerLastName,StreetAddress
custID01,Mikel,Rankling,2901 American Ash Road
custID02,Nial,Rentcome,08928 Sunfield Plaza
custID03,Leon,Coales,546 Darwin Park
custID04,Timothy,Southon,79507 Scott Court
custID05,Thedric,Firbank,755 Ramsey Terrace
custID06,Gerrie,Barr,477 Havey Hill
custID07,Hagen,Maris,7864 Hoepker Crossing
custID08,Winthrop,Lantaph,92172 Stoughton Court
custID09,Martainn,Couch,167 Calypso Terrace
custID10,Marcos,Perrin,223 Paget Road
custID11,Trev,Stanyer,8 Fairfield Crossing
custID12,Glenn,Leport,8 Tomscot Place
custID13,Odell,Wakley,52 Orin Avenue
custID14,Vale,Bodega,35 Fisk Alley
custID15,Shelton,Reddings,78147 Hayes Park
custID16,Robert,Stout,6340 Chive Park
custID17,Rube,Moralee,29 Spenser Hill
custID18,Paddy,Scamwell,807 Maywood Place
custID19,Franklin,Skouling,65288 Anniversary Street
custID20,Nevins,Taplin,2378 Corben Hill
custID21,Any,Rowen,466 Delladonna Pass
custID22,Marius,Warbys,59 Redwing Avenue
custID23,Had,Maffioletti,19 Dryden Hill
custID24,Noam,Deelay,9 Browning Court
custID25,Lindy,Hackey,9885 1st Lane
custID26,Sylvan,Espinel,0 Bellgrove Circle
custID27,Gibbie,Purcell,875 Harper Plaza
custID28,Merrick,Wymer,053 Pankratz Trail
custID29,Wakefield,Seivwright,421 Norway Maple Parkway
custID30,Stan,Ivel,1 Maple Place
custID31,Toiboid,Farnon,751 Hanson Drive
custID32,Normand,Eriksson,7 Village Green Drive
custID33,Shelton,Yansons,95 Grim Park
custID34,Jeromy,Gallimore,9 Hermina Alley
custID35,Joachim,Stoeck,66452 Lakeland Street
custID36,Bruno,Thatcham,298 Scofield Court
custID37,Markos,Doley,3410 Hanover Hill
custID38,Alexio,Hubbock,093 Village Green Road
custID39,Lucian,Overstreet,981 Jay Hill
custID40,Norman,Ranns,39 Mandrake Plaza
custID41,Dov,Bentote,1 Mcbride Trail
custID42,Lonnie,Jira,65 Spenser Way
custID43,Carrol,Balkwill,316 Mesta Plaza
custID44,Westbrook,Camm,1647 Oakridge Crossing
custID45,Crosby,Firman,2943 Leroy Crossing
custID46,Ronny,Randlesome,21 Fulton Trail
custID47,Orlando,Colloff,68777 Rusk Center
custID48,Byron,Ofen,13882 Warbler Lane
custID49,Currey,Snowball,7 Dexter Drive
custID50,Gamaliel,Crome,0468 Porter Drive
